text,label
昇進が決まり、これまでの努力がついに報われて感無量だ。,0
ずっと欲しかった限定品を偶然手に入れ、最高の気分だ。,0
チーム一丸となって目標を達成し、喜びを分かち合った。,0
久しぶりに会った友人と話が弾み、笑いすぎてお腹が痛い。,0
顧客から感謝のメールが届き、仕事の疲れが一気に吹き飛んだ。,0
天気が良いので公園を散歩していたら、とても清々しい気分だ。,0
サプライズで祝ってもらい、こんなに幸せな誕生日は初めてだ。,0
難航していた契約が無事にまとまり、心の底からホッとした。,0
愛犬が駆け寄ってくる姿を見るだけで、一日の疲れが癒やされる。,0
探していた本が古本屋で見つかり、思わずガッツポーズをした。,0
臨時収入が入ったので、奮発して美味しい寿司を食べに来た。,0
気になっていた映画が期待以上の面白さで、興奮が冷めない。,0
苦手だった業務を克服し、上司に褒められて自信がついた。,0
週末の温泉旅行の予約が取れて、今から楽しみで仕方がない。,0
無くしたと思っていた指輪がバッグの底から出てきて安心した。,0
丹精込めて育てた花がついに咲き、朝から幸せな気持ちだ。,0
テストで満点を取ることができ、勉強の成果が出て嬉しい。,0
家族みんなで食卓を囲み、他愛のない話をする時間が尊い。,0
新しい髪型が周囲に好評で、なんだかウキウキしてしまう。,0
長年のライバルに勝利し、勝利の美酒に酔いしれている。,0
美味しいコーヒーを淹れられたので、朝から優雅な気分だ。,0
憧れの先輩からランチに誘われて、ドキドキしながら喜んでいる。,0
ネットで注文した服のサイズがぴったりで、とても満足している。,0
故障していたパソコンが直り、データの復旧もできて助かった。,0
子供が初めて歩いた瞬間を目撃し、感動で涙が出そうだ。,0
何度注意しても同じミスを繰り返され、いい加減うんざりだ。,1
約束の時間を過ぎても連絡ひとつなく、誠意が感じられない。,1
理不尽なクレームを延々と言われ、怒りを抑えるのに必死だ。,1
大切なデータを勝手に消されてしまい、頭の中が真っ白だ。,1
陰でコソコソと悪口を言われていると知り、腹ワタが煮えくり返る。,1
行列に横入りされた上、開き直った態度をとられて許せない。,1
自分のミスを他人のせいにする卑怯なやり方に、心底呆れた。,1
緊急の用事なのに既読無視が続き、イライラが募っている。,1
貸した本がボロボロになって返ってきて、信じられない気持ちだ。,1
歩きタバコの煙が顔にかかり、マナーの悪さに殺意すら覚えた。,1
満員電車で足を踏まれたのに、謝りもせず睨まれて不快だ。,1
部下が嘘の報告をしていたことが発覚し、信頼が崩れ去った。,1
楽しみにしていたプリンを勝手に食べられ、喧嘩になった。,1
店員の態度があまりにも横柄で、二度と来ないと心に誓った。,1
上司の指示が朝令暮改で振り回され、現場は混乱し憤っている。,1
騒音トラブルで何度お願いしても改善されず、我慢の限界だ。,1
予約していた店が勝手にキャンセルされており、猛抗議した。,1
大事な会議中に居眠りをしている同僚を見て、呆れて物が言えない。,1
濡れ衣を着せられそうになり、必死で反論したが腹が立つ。,1
ルールを守って並んでいる人を馬鹿にするような発言を聞いた。,1
注文と違う料理が来た上に、謝罪もなく置かれて腹立たしい。,1
高圧的な物言いで命令され、反発心しか湧いてこない。,1
共有スペースを汚したまま放置されており、掃除する身にもなれ。,1
相談もなく勝手に仕様変更され、手戻りが発生して激怒した。,1
可愛がっていたペットが亡くなり、心にぽっかり穴が空いたようだ。,2
一生懸命準備した企画がボツになり、自信を完全に失った。,2
楽しみにしていた旅行が台風で中止になり、ショックで動けない。,2
親友が遠くに引っ越してしまうことになり、寂しくてたまらない。,2
信じていた人に嘘をつかれていたと知り、深く傷ついている。,2
大切な記念日を忘れられてしまい、虚しさと悲しみが込み上げる。,2
不景気でボーナスがカットされ、将来の生活が不安で仕方ない。,2
ずっと片思いしていた相手に恋人ができて、胸が締め付けられる。,2
思い出の詰まった古い校舎が取り壊され、景色が変わって寂しい。,2
最終面接で落とされてしまい、自分の全人格を否定された気分だ。,2
大切にしていたマグカップを割ってしまい、形あるものは壊れると悟る。,2
チームの敗北が自分のミスのせいだと感じ、申し訳なくて泣きたい。,2
楽しかった祭りの後の静けさが、今の孤独をより一層強調する。,2
長年通っていた店が閉店することになり、時代の流れを感じて切ない。,2
期待していた返事が来ず、自分は必要とされていないのだと感じる。,2
友人のSNSを見て、自分だけが取り残されているような焦燥感がある。,2
怪我でスポーツを諦めることになり、夢が絶たれて絶望している。,2
読んでいた小説の結末があまりに救いがなく、一日中引きずっている。,2
誰にも悩みを相談できず、夜になると一人で枕を濡らしている。,2
育てていた植物が枯れてしまい、自分の管理不足を責めている。,2
期待外れの結果に終わり、応援してくれた人たちの顔が見られない。,2
財布を落とし、中に入っていたお守りまで失くして意気消沈だ。,2
風邪を引いて心細い夜に、誰も看病してくれる人がいなくて孤独だ。,2
昔の写真を見返して、もう戻れない日々の眩しさに胸が痛む。,2
宝くじが当たっているのを見て、心臓が止まるかと思った。,3
大人しい彼が会議で突然怒鳴り出し、その場が静まり返った。,3
晴れ予報だったのに突然の土砂降りで、びしょ濡れになり驚いた。,3
死んだと思っていた知人と街ですれ違い、我が目を疑った。,3
新人が出したアイデアが画期的すぎて、ベテラン勢も言葉を失った。,3
何気なく入った店が、実は予約困難な有名店でびっくりした。,3
絶対に解けない難問をＡＩが一瞬で解き、鳥肌が立った。,3
落とした財布が中身そのままで戻ってきて、奇跡に驚愕している。,3
地味な上司が休日に派手な服装で歩いていて、二度見してしまった。,3
故障だと思ったＴＶが、ただコンセントが抜けていただけだった。,3
注文していない豪華な料理が届き、手違いだとわかって焦った。,3
誰もいないはずの部屋から物音が聞こえ、背筋が凍る思いをした。,3
数年ぶりに開けた箱から、探していた重要書類が出てきて驚いた。,3
愛猫が人間の言葉のような声で鳴き、家族全員で顔を見合わせた。,3
全く勉強していなかったのに、まさかの満点を取ってしまった。,3
普段は厳しい父が、孫の前ではデレデレになっていて衝撃だ。,3
予定より1時間も早く到着してしまい、誰もいないオフィスに驚く。,3
ずっと探していた人が、まさか隣の席に座ることになるとは。,3
スマホの画面を見たら、ありえない金額が振り込まれていて震えた。,3
静かな図書館で突然大きな警報音が鳴り響き、心臓が跳ねた。,3
絶対に間に合わないと思った電車に、奇跡的に乗れてしまった。,3
小柄な彼女が大食いチャレンジを完食し、店中がどよめいた。,3
壊れたと思っていた時計が、振っただけで動き出して驚いている。,3
有名人がお忍びで隣の席で食事をしており、緊張で味がしない。,3
真夏なのに雪が降り始め、異常気象に恐怖すら感じてしまった。,3
気難しいクライアントから承認印をもらい、肩の荷が下りた。,0
ダイエットの成果が出て、去年のズボンが緩くなり感激している。,0
夜空を見上げたら流れ星が見えて、なんだか良いことがありそうだ。,0
苦手な野菜を工夫して料理したら、家族が完食してくれて嬉しい。,0
溜まっていた洗濯物を一気に片付け、部屋も心もスッキリした。,0
憧れの車を納車し、ハンドルの感触を確かめてワクワクしている。,0
諦めかけていたチケットの抽選に当たり、信じられない気分だ。,0
上司が不在でオフィスが静かなので、仕事が驚くほど捗っている。,0
週末の予報が雨から晴れに変わり、予定通りキャンプに行ける。,0
電車で席を譲ったら丁寧にお礼を言われ、温かい気持ちになった。,0
コンビニのくじで当たりが出て、些細なことだが朝から気分が良い。,0
古い知人とSNSで再会し、今度飲みに行く約束ができて楽しみだ。,0
長時間のフライトを終え、現地の空港に降り立った瞬間の高揚感。,0
プレゼンが大成功し、会場からの拍手喝采を浴びて誇らしい。,0
愛猫が膝の上に乗ってきて喉を鳴らしており、至福の時間だ。,0
給料日が来て口座の残高が増えているのを見ると、疲れも吹き飛ぶ。,0
新作のゲームが期待以上の神ゲーで、時間を忘れて没頭している。,0
近所のスーパーで高級肉が半額になっており、迷わずカゴに入れた。,0
髪を切ってイメチェンしたら、意中の人に褒められて舞い上がった。,0
テスト勉強の山が当たり、スラスラと解答できて手応えを感じる。,0
早起きして見た朝焼けがあまりに美しく、早起きは三文の徳だ。,0
壊れたと思っていたお気に入りの時計が、修理から戻ってきて復活した。,0
友人が結婚することになり、自分のことのように幸せを感じている。,0
冷えた体に温かいスープが染み渡り、生きてて良かったと思う。,0
懸賞で温泉旅行ペアチケットが当たり、両親にプレゼントできた。,0
ネットの回線速度が極端に遅く、仕事にならなくてイライラする。,1
予約していた商品が勝手にキャンセルされ、理由の説明もなく不親切だ。,1
映画館で上映中にスマホをいじる人がいて、光が気になり腹が立つ。,1
楽しみにしていたデザートを冷蔵庫から勝手に食べられ、許せない。,1
挨拶しても無視され続け、人間として最低限のマナーがないと思う。,1
無理な納期を一方的に押し付けられ、こちらの事情を全く考慮していない。,1
新品の服にコーヒーをこぼされたのに、クリーニング代も出さない。,1
大事な相談をしているのにスマホばかり見ていて、話を聞く気がない。,1
前の車が窓からゴミを投げ捨てており、モラルの低さに呆れ返る。,1
自分の手柄を横取りしようとする同僚の浅ましい態度に虫唾が走る。,1
修理に出したばかりなのにまた同じ場所が壊れ、手抜き工事を疑う。,1
タクシーが遠回りをして料金が高くなり、指摘しても認めず不快だ。,1
深夜に大音量で音楽を流す隣人に、何度苦情を言っても直らない。,1
重要なメールを見落とされ、プロジェクトに遅れが出て憤慨している。,1
責任転嫁ばかりして謝らない上司の態度に、組織への不信感が募る。,1
楽しみにしていた録画が特番の影響で切れており、放送局を恨む。,1
傘を盗まれてしまい、雨の中濡れて帰ることになり最悪の気分だ。,1
店員の私語がうるさくて食事が楽しめず、店を出ようか迷っている。,1
SNSで根拠のないデマを流され、名誉を傷つけられて訴えたい。,1
約束をドタキャンされた上に、SNSで遊んでいる投稿を見てキレた。,1
並んで買った限定品が不良品で、問い合わせ電話も繋がらず焦れる。,1
人のコンプレックスを平気でいじるデリカシーのなさに我慢ならない。,1
部下が機密情報を紛失し、管理体制の甘さに怒りを通り越して呆れる。,1
渋滞にはまって全く動かず、約束の時間に間に合わないので焦る。,1
買ったばかりのスマホを落として画面が割れ、自分自身に腹が立つ。,1
お気に入りの店が閉店し、もうあの味が食べられないと思うと辛い。,2
飼っていた金魚が死んでしまい、小さな命の重さを感じている。,2
せっかくの休日なのに体調を崩し、ベッドで一人天井を見つめている。,2
信頼していた人に裏切られ、人間不信になりそうで心が重い。,2
行きたかったライブのチケットが落選し、楽しみが奪われて無気力だ。,2
大切な写真データを誤って消去してしまい、思い出が消えて涙が出る。,2
勇気を出して誘ったのに断られ、自分には魅力がないのだと落ち込む。,2
頑張って作った料理を「味が薄い」と言われ、悲しい気持ちになった。,2
引っ越しで慣れ親しんだ街を離れることになり、車窓の景色が滲む。,2
自分の不注意で他人に迷惑をかけ、穴があったら入りたいほど惨めだ。,2
楽しかった修学旅行が終わり、日常に戻るのが嫌でため息が出る。,2
期待していた映画が駄作で、時間とお金を無駄にした気分で虚しい。,2
誰も自分の誕生日を覚えておらず、通知だけが来るスマホを見て孤独だ。,2
雨続きで洗濯物が乾かず、部屋の中もジメジメして気分が沈む。,2
借金の返済に追われ、働いても生活が楽にならず希望が見えない。,2
子供が反抗期で「嫌い」と言われ、成長過程とは分かっていても傷つく。,2
愛用していたマグカップが欠けてしまい、不吉な予感がして不安だ。,2
同窓会で皆が出世しているのを見て、自分だけ取り残された気がする。,2
好きなキャラが物語の中で死んでしまい、ロスから立ち直れない。,2
夢だった職業を年齢制限で諦めることになり、現実の壁に泣いている。,2
夜中にふと将来のことが不安になり、漠然とした恐怖で眠れない。,2
書いていた小説のデータが飛び、復旧もできず呆然としている。,2
仲の良かったグループからけ外れにされ、理由もわからず悲しい。,2
花火大会が終わり、散らかったゴミを見て祭りの後の寂しさを感じる。,2
風船が手から離れて空に飛んでいき、見えなくなるまで立ち尽くした。,2
卵を割ったら黄身が二つ入っていて、こんな偶然があるのかと驚く。,3
静かなオフィスで突然警報が鳴り響き、心臓が止まるかと思った。,3
無くした財布が警察に届いており、日本はなんて安全な国だと驚く。,3
猫だと思って近づいたらビニール袋で、見間違いに自分で笑った。,3
古い上着のポケットから一万円札が出てきて、過去の自分に感謝した。,3
テレビに知人が映っていて、まさか有名人になっていたとは知らず驚く。,3
真冬なのにセミが鳴いているのが聞こえ、耳を疑ってしまった。,3
買ったばかりの炭酸飲料を開けたら噴き出し、服が濡れて慌てた。,3
絶対に遅刻だと思ったのに、電車が遅延していて奇跡的に間に合った。,3
犬が逆立ちして歩いている動画を見て、合成かと思うほど驚いた。,3
注文した料理のサイズがメニュー写真の倍以上で、食べきれるか焦る。,3
全く知らない言語なのに、なぜか相手の言っている意味が分かった。,3
停電で真っ暗になった瞬間、ハッピーバースデーの歌が聞こえて驚く。,3
空に珍しい形の雲が浮かんでいて、ＵＦＯではないかと騒ぎになった。,3
誰もいないはずの二階から足音が聞こえ、恐怖と驚きで固まった。,3
新商品のアイスが想像を絶する味で、一口食べて衝撃を受けた。,3
昔の日記を読み返したら、現在の状況を予言しているようで怖い。,3
幼馴染がいつの間にか社長になっており、あまりの出世に腰を抜かす。,3
手品を見ていて、タネも仕掛けも全くわからず純粋に感動した。,3
AIが描いた絵が人間よりも芸術的で、技術の進歩に圧倒された。,3
スマホの顔認証が双子の兄弟で解除されてしまい、セキュリティに驚く。,3
道で拾った石が実は貴重な化石だったと鑑定され、仰天ニュースだ。,3
温厚な祖母がロックバンドのライブでヘドバンしており、度肝を抜かれた。,3
エレベーターが開いたら目の前に芸能人がいて、思考が停止した。,3
体重計に乗ったら昨日より3キロも減っていて、故障を疑った。,3
諦めていた頑固な汚れが洗剤で綺麗に落ち、気分爽快だ。,0
寒い日に熱いお風呂に浸かり、極楽とはこのことだと実感した。,0
夜泣きしていた赤ちゃんがやっと眠り、その寝顔に癒やされている。,0
洗いたてのシーツに包まれて眠る瞬間は、何にも代えがたい幸福だ。,0
壊れたおもちゃを直してあげたら、子供が満面の笑みで喜んでくれた。,0
家庭菜園のトマトが赤く実り、収穫して食べるのが待ちきれない。,0
苦手な上司が異動になり、明日から会社に行くのが少し楽しみだ。,0
ラジオから大好きな曲が流れ、思わず口ずさんでしまいご機嫌だ。,0
紛失したイヤホンがカバンの奥から出てきて、ラッキーだと感じた。,0
旬のサンマが脂が乗っていてとても美味しく、秋の訪れを喜んでいる。,0
目標としていた貯金額を達成し、通帳を見てニヤニヤしてしまう。,0
以前助けた老人から丁寧なお礼状が届き、親切にして良かったと思う。,0
長引いていた風邪がようやく治り、深呼吸できることが嬉しい。,0
憧れの有名人のサイン会に当選し、運を使い果たしたかもしれない。,0
自作のイラストに「いいね」がたくさんつき、承認欲求が満たされた。,0
満員電車で偶然座ることができ、通勤の疲労が軽減されて助かった。,0
気になっていた店に行列がなくすぐに入れて、ツイている日だ。,0
同僚と意見が食い違っていたが、腹を割って話し合い和解できた。,0
古い家具をリメイクしたら新品同様になり、自分の手腕に満足した。,0
読みたかった漫画の新刊が出て、帰宅して読むのが楽しみでならない。,0
プリンターが急ぎの時に限って紙詰まりを起こし、叩き壊したくなる。,1
「無料」と書いてあったのに手数料を取られ、詐欺に遭った気分だ。,1
楽しみにしていたドラマのネタバレをネットで見てしまい、激怒した。,1
歩道を自転車が猛スピードで走り抜け、危険すぎて怒鳴りたくなった。,1
スーパーのレジで小銭を投げるように渡され、接客態度に腹が立つ。,1
再配達を頼んだのに指定の時間に来ず、一日無駄にしてイライラする。,1
他人のアイデアを会議で自分のものとして発表され、卑怯さに震える。,1
禁煙エリアで堂々とタバコを吸う人がいて、煙たくて不愉快極まりない。,1
マンションの駐車場に知らない車が停まっていて、自分のが停められない。,1
貸したゲームソフトを売られてしまい、友情以前に常識を疑う。,1
何度も電話しているのに担当者が居留守を使っており、誠意がない。,1
飲食店で髪の毛が入っていたのに、謝罪もなく作り直すだけで不満だ。,1
ＳＮＳでなりすましアカウントを作られ、通報しても対応が遅い。,1
重要な書類にコーヒーをこぼされ、謝りも笑って誤魔化された。,1
バスで大声で通話している人がいて、注意しても無視され腹立たしい。,1
雨の日に車に泥水を跳ねられ、クリーニング代を請求したい気分だ。,1
給料明細を見たら謎の天引きがあり、説明を求めてもはぐらかされた。,1
共有の冷蔵庫に入れておいた飲み物を飲まれ、名前を書いておいたのに。,1
隣の席の貧乏ゆすりが視界に入り、気が散って仕事に集中できない。,1
質問に対して「自分で調べろ」と突き放され、教える気がないなら黙れ。,1
大好きな長寿番組が終了することになり、毎週の楽しみが消えた。,2
資格試験にあと一点足りずに落ちてしまい、自分の詰めの甘さを悔やむ。,2
運動会が雨で延期になり、子供の残念そうな顔を見て心が痛む。,2
行きつけのカフェが閉店し、心の拠り所を失ったようで寂しい。,2
買ったばかりのアイスを地面に落としてしまい、情けなくて泣きたい。,2
友達の結婚式に呼ばれず、自分たちは親友だと思っていたのにショックだ。,2
スマホの画面が割れて操作できなくなり、世界から断絶された気分だ。,2
飼っていたカブトムシが動かなくなり、短い夏の終わりを感じて切ない。,2
ダイエット中なのに深夜にラーメンを食べてしまい、自己嫌悪に陥る。,2
期待していた同窓会がマウントの取り合いで、疲れるだけで虚しかった。,2
楽しみにしていたデートをドタキャンされ、化粧した顔が鏡に虚しく映る。,2
頑張って書いた手紙が宛先不明で戻ってきて、思いが届かず悲しい。,2
祖母の家が取り壊され、子供の頃の思い出まで消えていくようだ。,2
連休最終日の夜になり、明日からの仕事のことを考えて憂鬱になる。,2
好きなアーティストが引退を発表し、青春が終わったような喪失感だ。,2
自分だけ蚊帳の外で話が進んでおり、疎外感を感じてその場を去った。,2
雨漏りがして部屋が水浸しになり、片付けながら惨めな気持ちになる。,2
信じていた占いが大外れし、期待していた分だけ落差で落ち込んだ。,2
お気に入りの靴のヒールが折れてしまい、歩くのも困難で泣きそうだ。,2
図書館で借りた本を汚してしまい、弁償することになり申し訳ない。,2
ドアノブに触れた瞬間、静電気がバチッときて悲鳴を上げてしまった。,3
お菓子の袋を開けたら中身がスカスカで、内容量の減り方に驚いた。,3
双子だとは知らず、同じ人が二箇所に現れたと思って混乱した。,3
地味な事務員さんが、実は空手の黒帯だと聞いて見る目が変わった。,3
猫が信じられない高さまでジャンプし、身体能力の高さに圧倒された。,3
待ち合わせ場所に来た友人と服が全身お揃いで、顔を見合わせ笑った。,3
スイカを切ったら中身が黄色で、赤だと思っていたので拍子抜けした。,3
アニメの声優が実は近所のおじさんだと知り、イメージが崩壊した。,3
辛口カレーを食べたら予想の十倍辛くて、口から火が出そうで驚く。,3
古いアルバムを見ていたら、背景にＵＦＯらしきものが写っていた。,3
絶対に不可能だと思ったパズルが偶然ハマり、自分でも信じられない。,3
寝言で流暢な英語を話していたと家族に言われ、覚えがないので怖い。,3
無音だと思っていた電気自動車が背後に迫っており、気づかず飛び退いた。,3
試着室に入ったら鏡ではなくガラスで、向こう側の人と目が合い焦った。,3
川で釣りをしていたら、魚ではなくカメが釣れてしまい困惑した。,3
電子レンジの中で卵が爆発し、掃除の大変さに呆然としている。,3
スマホの音声認識が独り言を拾って勝手に検索し、結果を見て驚いた。,3
桜の木に一輪だけ季節外れの花が咲いており、生命の不思議を感じた。,3
近所の野良猫が私の名前を呼んだように聞こえ、空耳だろうが驚く。,3
買った卵パックの全てが双子の卵で、こんな確率はあり得ないと騒いだ。,3
映画の結末が夢オチで、あまりの展開に観客全員がざわついた。,3
トンネルを抜けたらそこだけ大雪で、別世界に来たようでびっくりした。,3
自分の背後に誰かいる気配がして振り返ったが、誰もいなくてゾッとした。,3
目覚ましをかけ忘れたのに、奇跡的にいつもと同じ時間に目が覚めた。,3
水たまりだと思って踏み込んだら深い穴で、膝まで濡れて驚愕した。,3
テスト範囲が昨日勉強した場所と完全に一致し最高だ。,0
冷蔵庫を開けたらプリンが残っていてラッキーだと感じた。,0
これら全てをタダでもらえるなんて夢のようで最高だ。,0
やっと金曜日になり今週の業務が終わって晴れやかだ。,0
この猫の動画を見ていると日々の疲れが癒やされていく。,0
探していた資料が机の隙間から見つかり助かった。,0
今日のランチが期待以上に美味しくて当たりだった。,0
風呂上がりのビールほど美味しいものはこの世にない。,0
臨時収入が入ったので何を買おうかワクワクしている。,0
雨が止んだので今のうちに洗濯物を干せて嬉しい。,0
久しぶりに体重計に乗ったら２キロも減っていて驚喜した。,0
先輩がジュースを奢ってくれてラッキーだった。,0
ダメ元で頼んだらＯＫが出て言ってみるものだと思った。,0
新曲のＭＶがかっこよすぎて無限に再生し続けている。,0
髪を切って雰囲気が良くなったねと褒められ気分が良い。,0
面倒な仕事が秒速で終わり今日はツイている日だ。,0
エアコンが直りやっと快適に眠れるのが嬉しい。,0
お土産に大好物の饅頭をもらいテンションが上がった。,0
信号が全て青で通過できてなんだかいい気分だ。,0
予約困難な店にキャンセルが出て滑り込めたのが奇跡だ。,0
お気に入りのシャツをセールで安く買えて満足だ。,0
推しのライブのアリーナ席が当たり死ぬほど嬉しい。,0
苦労した甲斐があり完成度の高いものができて誇らしい。,0
足のむくみが取れて靴がスルスル入り快適だ。,0
焼肉の匂いだけでご飯３杯いけそうなほど食欲が湧く。,0
またシステム障害が起き仕事にならず腹立たしい。,1
何度言っても同じミスを繰り返すので学習してほしい。,1
既読がついているのに返信がないのは失礼だと思う。,1
並んでいたのに割り込まれて常識のなさに呆れる。,1
今の発言は本気で言っているならデリカシーがない。,1
ＷｉＦｉが繋がらず作業が進まないためマジで困る。,1
また終電を逃してタクシー代がかかり自分に腹が立つ。,1
傘を盗まれたため雨の中を濡れて帰るのが最悪だ。,1
充電器を貸したまま返ってこないのは絶対忘れている。,1
店員を呼んでいるのに無視され聞こえているはずだ。,1
なぜ私だけが残業なのか理由が分からず納得いかない。,1
パスワードは合っているはずなのにエラーが出てイラつく。,1
隣の人の貧乏ゆすりが気になって集中できず不快だ。,1
勝手に人のスマホを覗くのは気分が悪いのでやめろ。,1
せっかく作ったのにいらないと言われ何様だと思う。,1
あの人は口を開けば文句ばかりで聞いていて疲れる。,1
準備したのに約束をドタキャンされありえない。,1
楽しみにしてたのにネタバレを踏んでしまい最悪だ。,1
小銭をばら撒いたら舌打ちされてムカついている。,1
大事な時に限ってフリーズするパソコンに殺意が湧く。,1
言った言わないの水掛け論は時間の無駄すぎだ。,1
自分のミスを隠して人のせいにするのは信じられない。,1
歩きスマホの人とぶつかったのに謝りもしない態度だ。,1
今日おろしたばかりの服に醤油が跳ねて最悪だ。,1
急いでいるのに前の車が遅すぎてイライラが止まらない。,1
録画できていなくてショックで立ち直れない。,2
また同じ失敗をしてしまい自分は本当に駄目だ。,2
ＬＩＮＥをブロックされているようで落ち込んでいる。,2
楽しみにしていた旅行に熱で行けなくなり残念だ。,2
限定グッズが目の前で売り切れて泣きそうだ。,2
誰からもいいねがつかず需要がないのかと凹む。,2
財布を落としたことよりカード再発行の手間が辛い。,2
傘を持っていない時に限って雨が降り出しついてない。,2
あの店が閉店してしまいもうあの味が楽しめない。,2
明日が月曜日だと考えただけでお腹が痛くなる。,2
せっかくの休みなのに一日中寝て終わり虚しい。,2
信頼していたのに裏切られた気分で人間不信になりそうだ。,2
推しのグループが解散し明日から生きる気力が湧かない。,2
買ったばかりのアイスが一口目で落ちて悲しい。,2
髪を切りすぎて明日学校へ行くのが恥ずかしい。,2
またダイエットに失敗し自分の意思の弱さが嫌になる。,2
電話帳データが消えたがバックアップがなく絶望的だ。,2
誰も誕生日を祝ってくれず空気のような存在に感じる。,2
頑張ったのに評価が低くやる気を完全に失った。,2
ずっと探してた本が絶版でもう手に入らないらしい。,2
相談相手がおらず独り言が増えてきて寂しい。,2
飼っていた金魚が死んでしまい部屋が静かで辛い。,2
好きな人に恋人がいたので最初から勝ち目はなかった。,2
またカギを閉め忘れて怒られ学習能力のなさに呆れる。,2
ここがいつの間にか更地になっていて驚いた。,3
さっきまで晴れていたのに急に豪雨になり嘘みたいだ。,3
有名人が普通に歩いていて我が目を疑った。,3
電源が入らないと思ったら電池が逆で呆気に取られた。,3
なぜここに私の昔の写真があるのか分からず怖い。,3
この値段でこの量はコスパが良すぎてビビる。,3
あの二人が双子だったとは全然知らなかった。,3
目覚ましをかけていないのに６時に起きれて奇跡だ。,3
今日が祝日だと知らず会社に来てしまい愕然とした。,3
カバンを開けたら知らない猫が入っていて変な声が出た。,3
あの二人が付き合っているとは意外すぎて驚いた。,3
トンネルを抜けたら景色が一変していて笑ってしまった。,3
充電が満タンだったのに一瞬で切れ何事かと思う。,3
無言電話かと思ったら母のポケット発信で脱力した。,3
誰もいない部屋から物音がして気のせいか怯えている。,3
宝くじが３００円かと思ったら桁が違って驚愕した。,3
注文していないピザが届き誰のか分からず困惑した。,3
テレビをつけたら自分が映っていてお茶を吹いた。,3
来週から海外赴任だと急に言われて聞いていない。,3
ずっとオスだと思っていた犬がメスだったとは驚きだ。,3
卵を割ったら殻が入り黄身がないという珍事があった。,3
昨日チャージしたのに改札で残高不足になり焦った。,3
いきなり停電してブレーカーが落ちたのかと慌てた。,3
歩いていたら頭に鳥のフンが落ちてきて確率に驚く。,3
教科書の落書きがいつの間にか増えていて不思議だ。,3
推しのファンサが神対応すぎて尊さが限界突破した。,0
無理だと思っていた課題が秒で終わり天才かもしれない。,0
コンビニの新作スイーツが期待以上の味でリピ確定だ。,0
欲しかったスニーカーが定価で買えて勝利を確信した。,0
美容室で理想通りの髪型になれて気分が上がっている。,0
カラオケで高得点が出て今日は喉の調子がすこぶる良い。,0
店員さんがおまけしてくれてなんていい人なんだと思う。,0
ずっと探していたガチャを一発で当てて運を使い果たした。,0
久しぶりに実家のご飯を食べて胃袋が喜んでいる。,0
面倒な飲み会が中止になって心の中でガッツポーズした。,0
無くしたイヤホンがポケットから出てきて超ラッキーだ。,0
友達がサプライズで祝ってくれて愛されていると感じる。,0
晴れた日のビールは犯罪的な美味しさで最高すぎる。,0
気になっていた相手から連絡が来てニヤニヤが止まらない。,0
新作ゲームのキャラデザが性癖に刺さりすぎてヤバい。,0
バスがタイミング良く来て待ち時間ゼロで乗れて快適だ。,0
部屋の掃除をしたら懐かしいお金が出てきて得した気分だ。,0
愛犬が布団に入ってきて温かくて幸せな気持ちになる。,0
テスト勉強してないのに勘が当たってそこそこの点が取れた。,0
先輩に褒められて単純だけどやる気が爆上がりした。,0
重要な場面で回線落ちして負けたのでマジで萎える。,1
ネタバレ配慮のないツイートを見てしまい殺意が湧いた。,1
並んで買ったのに中身が不良品とかふざけるなと思う。,1
自分のミスを棚に上げて説教してくる神経が分からない。,1
傘を盗まれた上に雨脚が強くなってきて最悪な気分だ。,1
楽しみにしていたプリンを勝手に食べられ許せない。,1
嘘をついてドタキャンしたのがバレバレで腹が立つ。,1
大声で電話している人が隣にいてうるさくて集中できない。,1
せっかく書いた長文がエラーで消えてやる気を失った。,1
店員の態度が悪すぎて二度とこの店には来ないと思った。,1
割り込み乗車をしておいて謝りもしない神経を疑う。,1
自分だけ仲間外れにされているみたいで凄く不愉快だ。,1
貸したお金を返す気配がないのに豪遊していてムカつく。,1
煽り運転をされて危険な目に遭い通報してやりたい。,1
パスワードを忘れてログインできず自分自身にイラつく。,1
大事な用事があるのに電車が遅延して詰んだかもしれない。,1
人の話を遮って自分の話ばかりする態度にうんざりだ。,1
頼んだ料理と違うものが来たのに逆ギレされて呆れた。,1
SNSで粘着されていて通知を見るのも嫌な気分だ。,1
充電器を借りパクされたまま連絡が取れず腹立たしい。,1
限定グッズが転売屋に買い占められていて絶望した。,2
美容院で切りすぎて鏡を見るたびに落ち込んでいる。,2
好きな人に既読無視され脈なしだと悟り辛くなってきた。,2
楽しみにしていたライブが延期になり生きる糧を失った。,2
お気に入りの服にシミがついて取れなくてショックだ。,2
頑張ったのに結果が出ず自分には才能がないと凹む。,2
友達の幸せそうな投稿を見て自分と比べて惨めになる。,2
雨で靴がびしょ濡れになり冷たくてテンションが低い。,2
大事なデータを消してしまい取り返しがつかず泣きたい。,2
期待していた新作映画が微妙で時間を無駄にした気分だ。,2
給料日前でお金がなく遊びの誘いを断るのが悲しい。,2
ダイエット中なのに深夜に食べてしまい自己嫌悪に陥る。,2
誰からも連絡が来ない休日は孤独を感じて寂しい。,2
信じていた噂がデマだと知り騙された自分が情けない。,2
育てていた植物が枯れてしまい自分の管理不足を悔やむ。,2
推しの卒業発表がありしばらく立ち直れそうにない。,2
録画予約を忘れて見逃してしまい後悔先に立たずだ。,2
買ったばかりのスマホを落として画面が割れ心が折れた。,2
一人焼肉に行こうとしたら満席で断られ虚しく帰宅した。,2
夜中にふと将来が不安になり眠れなくなってしまった。,2
ガチャで最高レアが出たと思ったらすり抜けで驚いた。,3
誰もいない部屋から物音がしてビビって固まってしまった。,3
絶対に遅刻だと思ったのに奇跡的に間に合って焦った。,3
知ってる人がテレビのニュースに映っていて二度見した。,3
買ったばかりの卵パックを落としたが無傷で奇跡的だ。,3
猫だと思ったらレジ袋で自分の目の悪さに引いている。,3
辛くないと聞いて食べたのに激辛で口から火が出そうだ。,3
昔の同級生が変わりすぎていて誰だか分からず驚いた。,3
晴予報なのにゲリラ豪雨に遭い天気の急変に呆然とした。,3
スマホの充電が100%から一瞬で0%になりバグかと疑う。,3
全く知らない外国人に道を聞かれパニックになっている。,3
頼んでないデリバリーが届き宛先を見たら隣の家だった。,3
財布に身に覚えのないレシートが入っていて記憶がない。,3
静かな図書館で突然お腹が鳴り響き恥ずかしさと驚きだ。,3
ゲームのバグでキャラが巨大化して画面が見えず笑った。,3
双子じゃないのにそっくりな人とすれ違いドッペルゲンガーかと思った。,3
電車で隣の人が同じ本を読んでいてこんな偶然があるのか。,3
目覚まし前に起きたと思ったら寝坊していて飛び起きた。,3
安物だと思っていた皿が鑑定で高値がつき腰を抜かした。,3
Siriが勝手に起動して独り言に反応したので怖くなった。,3
ずっと探していた廃盤のＣＤが見つかり震える手で購入した。,0
帰り道に漂う金木犀の香りが心地よくて深く息を吸い込んだ。,0
苦労して組み立てた家具が部屋に馴染んでいてずっと眺めている。,0
風呂上がりのコーヒー牛乳が五臓六腑に染み渡り生き返る。,0
週末の予定が全て埋まり手帳を見ているだけで口角が上がる。,0
面倒な会議が急遽キャンセルになり心の中で小躍りした。,0
久々に履いたズボンにお金が入っていて得した気分になった。,0
美容師さんの腕が良く鏡を見るたびに自分の髪が好きになる。,0
子供が描いた私の似顔絵が可愛くて冷蔵庫に貼って眺める。,0
狙っていた席がちょうど空いて座れたので今日はツイている。,0
自販機の下から小銭を見つけて子供のように喜んでしまった。,0
好きな曲が街中で流れてきて足取りが自然と軽くなる。,0
難しい本を読み終えて知識が増えたような充実感がある。,0
友人からの手紙を読み返して温かい気持ちに浸っている。,0
完璧な半熟卵が作れて朝からテンションが高まった。,0
洗車したばかりの車がピカピカでドライブが待ち遠しい。,0
プレゼンが終わった瞬間の解放感が半端なくて酒が美味い。,0
飼い猫が膝の上で寝息を立てていて動くに動けない幸せだ。,0
昨日の残りのカレーが一晩寝かせて格段に美味くなっている。,0
欲しかった機材がセール対象になっていて即決で購入した。,0
チームの勝利が決まった瞬間に見知らぬ人とハイタッチした。,0
早起きして弁当を作ったら昼休みが楽しみで仕事が捗る。,0
満員電車で座れた上に隣が空いていて広々と使えて快適だ。,0
久しぶりの晴天で洗濯物がカラッと乾き、気分爽快だ。,0
給料明細を見たら残業代がしっかり入っていて顔が緩む。,0
列に割り込まれた上に足を踏まれて謝罪もなく去られた。,1
大事な話をしているのにスマホばかり見ていて話にならない。,1
約束を忘れていたと言われこちらの時間を何だと思っている。,1
濡れた傘を服に押し付けられて冷たくて不快感が凄い。,1
何度説明しても理解しようとせず反論ばかりで話が進まない。,1
共有の備品を使いっぱなしで片付けない神経が理解できない。,1
挨拶しても無視されたのでこちらも二度と挨拶しないと決めた。,1
禁煙席なのにタバコの臭いが漂ってきて食事が不味くなる。,1
頼んでいない高額な商品を押し売りされそうになり追い返した。,1
深夜に壁を叩く音がうるさくて睡眠不足になり限界だ。,1
自分の失敗を部下のせいにして保身に走る姿に呆れ果てた。,1
貸した本が汚れて返ってきて扱い方の雑さに閉口している。,1
重要な連絡を後回しにされトラブルになり責任を感じてほしい。,1
悪口を言われていると人づてに聞いて人間性を疑ってしまった。,1
予約していたのに席がないと言われ管理体制の杜撰さに呆れる。,1
楽しみにしていた録画を消されてしまい言葉も出ない。,1
質問に対して馬鹿にしたような態度を取られ腸が煮え繰り返る。,1
満員電車でリュックを前に抱えない配慮のなさにイラつく。,1
店員の私語が丸聞こえで客を馬鹿にした内容で気分が悪い。,1
信号無視の自転車にぶつかりそうになり心臓が止まりかけた。,1
ゴミの分別をしない住人がいてカラスが荒らし散々だ。,1
釣り銭をごまかされそうになり指摘したら舌打ちされた。,1
必死で作った資料を読まずに却下され徒労感が怒りに変わる。,1
嘘をついて休んだ同僚が遊びに行っている写真をＳＮＳで見た。,1
大事なイベントの日に限ってシステムトラブルで全て台無しだ。,1
楽しみにしていた予定が雨で流れ窓の外を眺めて溜息をつく。,2
誰からも連絡がないまま一日が終わり孤独を噛み締めている。,2
奮発して買ったケーキを帰り道で落としてしまい箱が潰れた。,2
ずっと応援していた店がシャッターを下ろしていて胸が痛む。,2
仲の良かった友人が遠くへ行くことになり見送るのが辛い。,2
努力が結果に結びつかず自分の才能のなさに打ちひしがれる。,2
大切にしていたお守りをどこかで失くしてしまい不安になる。,2
期待していた返信が来ずスマホを握りしめたまま眠りにつく。,2
昔の写真が出てきて二度と戻らない日々の輝きに目が潤む。,2
信頼していた人に嘘をつかれていたと知り心が冷えていく。,2
テストの点が悪すぎて親に見せる勇気がなくカバンに隠した。,2
好きな人に恋人がいるのを知ってしまい勝手に失恋した気分だ。,2
飼っていたハムスターが冷たくなっていて涙が止まらない。,2
一人で食事をする店内の賑やかさが逆に寂しさを助長する。,2
夢破れて故郷に帰ることになり車窓の景色が滲んで見えない。,2
相談相手がいなくてネットの掲示板を眺めて時間を潰す。,2
傘が壊れてずぶ濡れになり惨めな姿で家路を急いでいる。,2
読みかけの本を電車に置き忘れてしまい結末が永遠に謎だ。,2
自分の発言で空気が凍り穴があったら入りたい気分になる。,2
貯金残高を見て今の生活を続けることへの不安が押し寄せる。,2
楽しかった祭りの後の静けさが心にぽっかりと穴を開ける。,2
約束をドタキャンされ準備した化粧が無駄になり虚しい。,2
ペットに威嚇されてしまい愛が伝わっていないようで凹む。,2
好きだった番組が終わってしまい日常の彩りが一つ消えた。,2
誰にも必要とされていないような気がして夜が怖くなる。,2
誰もいない部屋から物音が聞こえて背筋が凍りついた。,3
知らない番号からの電話に出たら懐かしい恩師で言葉を失う。,3
晴れているのに雨が降ってきて狐の嫁入りかと空を見上げた。,3
卵を割ったら黄身が双子でこんな偶然もあるのかと凝視した。,3
道端で拾った石が実は貴重な化石だと知り腰を抜かしそうだ。,3
閉店間際のスーパーで半額シールが貼られる瞬間を目撃した。,3
絶対に不可能だと思ったシュートが決まり会場が静まり返った。,3
幼馴染がテレビのニュースに出ていて別人かと思い二度見した。,3
買ったばかりの炭酸水が噴き出して服が濡れ呆気に取られた。,3
目の前で手品を見せられタネが全くわからず口が開いたまま。,3
予定より一時間も早く着いてしまい鍵が開いておらず困った。,3
宝くじの番号を確認したら一等と一文字違いで膝から崩れた。,3
飼い犬がテレビに向かって吠え出し何が見えているのか怖い。,3
スマホの充電が一瞬で切れてしまい故障かと焦って叩いた。,3
全く知らない言語なのに何故か言っている意味が理解できた。,3
夜空に謎の発光体が現れてＵＦＯではないかと騒ぎになった。,3
地味だと思っていた同僚がバンドで激しく歌っていて仰天した。,3
注文と違う料理が来たが食べてみたら美味しくて怪我の功名だ。,3
誰もいないはずの鏡に何かが映った気がして振り返った。,3
昔書いた手紙が出てきて内容の恥ずかしさに悶絶している。,3
予想外の結末に映画館の全員がざわつき始めて収拾がつかない。,3
双子だとは知らず別々の場所で会って混乱してしまった。,3
停電で真っ暗になった瞬間に誕生日ケーキが出てきて驚いた。,3
コンビニでお釣りが７７７円になりレシートを記念撮影した。,3
寝坊したと思ったら休日で一気に力が抜けてまた布団に入った。,3
気になっていた動画配信がついに解禁され週末が楽しみだ。,0
アプリログインのボーナスでレアアイテムが出て最高だ。,0
リモート会議が早く終わり空いた時間で昼寝ができそうだ。,0
コンビニの新作パンが想像以上のクオリティで感動した。,0
久しぶりに体重計に乗ったら努力の成果が出ていて嬉しい。,0
欲しかった家電がポイントだけで買えて得した気分だ。,0
愛猫が腕枕で寝てくれて動けないが幸せな時間だ。,0
美容院でイメチェンしたら周りの評判が良くて上機嫌だ。,0
苦手だった野菜を美味しく調理できて克服できた気がする。,0
満員電車を避けて時差出勤したら快適すぎて癖になりそうだ。,0
スマホのフィルムを気泡なく完璧に貼れてスッキリした。,0
旧友とのオンライン飲み会が盛り上がり明日も頑張れそうだ。,0
注文した服のサイズが驚くほどジャストフィットで満足だ。,0
近所に素敵なカフェを見つけて通う楽しみができた。,0
部屋の模様替えをしたら気分転換になり仕事が捗っている。,0
手作りのお弁当が美味しくできて昼休みが待ち遠しい。,0
好きなラジオ番組でメールが読まれて興奮が冷めない。,0
雨上がりの虹が見えて、なんだか良いことがありそうな予感だ。,0
紛失したと思っていたデータがクラウドに残っていて助かった。,0
長年の推しが結婚を発表したが相手が素敵で祝福モードだ。,0
祖母から届いた野菜が新鮮で料理をするのが楽しみになる。,0
難しいパズルゲームをクリアして脳汁が出るほど嬉しい。,0
エアコンのフィルターを掃除して風がクリーンになり快適だ。,0
目覚まし時計が鳴る前に自然と目が覚めて気分が良い。,0
夕焼けが綺麗すぎて思わず写真を撮りSNSにアップした。,0
Wi-Fiが頻繁に切れてオンライン対戦で負けて腹が立つ。,1
SNSでネタバレを踏んでしまい楽しみを奪われ最悪だ。,1
フリマのアプリで値下げ交渉がしつこい人に絡まれ疲弊した。,1
動画広告が消せなくていいところで見られずイライラする。,1
充電ケーブルが断線して使えなくなり買い替えが面倒だ。,1
指定時間に荷物が届かず再配達の手続きも煩雑でキレそうだ。,1
推しのグッズが転売ヤーに買い占められており許せない。,1
アップデートしたら使い勝手が悪くなり元に戻してほしい。,1
自動保存されておらず数時間の作業が水の泡になり叫びたい。,1
イヤホンが片方だけ聞こえなくなり音楽が楽しめず不快だ。,1
検索結果がアフィリエイト記事ばかりで求めた情報がない。,1
パスワード変更を強要され新しいのを考えるのが苦痛だ。,1
SNSの通知が止まらず粘着されているようで気分が悪い。,1
オンライン会議でマイクを切らずに雑談している人がいて騒音だ。,1
サブスク解約の手順が複雑すぎて引き止め工作に腹が立つ。,1
スマホを落として画面がバキバキになり修理代を考え憂鬱だ。,1
迷惑メールが大量に来て大事なメールが埋もれ憤慨している。,1
ゲームの運営対応が悪く不具合を放置されていて信頼できない。,1
電子マネーが反応せず改札で止められ後ろの視線が痛い。,1
楽しみにしていた配信が回線トラブルで見られず納得いかない。,1
歩きスマホの人にぶつかられ謝りもせず舌打ちされムカつく。,1
共有カレンダーの予定を勝手に変更されダブルブッキングだ。,1
ダウンロードが99%で止まってしまい進まずイライラする。,1
アカウントが乗っ取られそうになりセキュリティに不安がある。,1
セルフレジの反応が悪くて何度もやり直しさせられ不便だ。,1
推しのイベントが落選し生きる楽しみを失ってしまった。,2
スマホを水没させてしまい写真データが消え思い出も消えた。,2
SNSで楽しそうな友人たちを見て自分だけ孤独を感じる。,2
期待していた新作ゲームがバグだらけで遊べずガッカリだ。,2
お気に入りのYouTuberが活動休止を発表しショックだ。,2
いいねの数が気になりすぎて自分の投稿を消してしまった。,2
オンラインゲームでチームから除外され居場所がない。,2
深夜にネットサーフィンをして時間を浪費し自己嫌悪に陥る。,2
ワイヤレスイヤホンを片方落としてしまい見つからず悲しい。,2
既読スルーが三日続き嫌われたのではないかと不安になる。,2
楽しみしていた限定配信を見逃しアーカイブもなく絶望だ。,2
ネットニュースで暗い話題ばかり見て気分が沈んでしまう。,2
憧れの人のSNSを見て自分との格差に惨めな気持ちになる。,2
長い間飼っていた仮想ペットのサービスが終了し寂しい。,2
クラウドの容量がいっぱいで思い出の動画を消すのが辛い。,2
フリマで売った商品に低評価をつけられ人格否定された気分だ。,2
好きな配信者が炎上しておりコメント欄を見るのが怖い。,2
VRゴーグルに酔ってしまい楽しむどころか体調不良で寝込んだ。,2
昔のブログを発掘し当時の痛々しい自分を見て穴に入りたい。,2
フォロワーが急に減っていて何か悪いことを言ったか悩む。,2
スマートウォッチの数値が悪く健康状態への不安が募る。,2
好きなキャラがガチャで出ず課金上限に達し虚無感がある。,2
動画の低評価が増えていて自分の作品が否定され悲しい。,2
グループチャットで自分の発言だけスルーされ疎外感がある。,2
お気に入りのプレイリストが削除され心の支えを失った。,2
スマートスピーカーが夜中に突然笑い出し恐怖で震えた。,3
検索したばかりの商品が広告に出てきて監視されているようで怖い。,3
送信取り消ししたメッセージがバグで残っており焦った。,3
AIが生成した画像が実在の友人に酷似しておりゾッとした。,3
全く知らない国からログイン通知が来てハッキングを疑う。,3
音声入力がとんでもない誤変換をしてしまい爆笑してしまった。,3
地図アプリが道なき道を案内し始め、どこに連れて行かれるのか。,3
通話切り忘れで独り言が相手に筒抜けだったと知り顔面蒼白だ。,3
画面越しに見ていた配信者が偶然目の前の席に座り驚愕した。,3
翻訳アプリを使ったら全く逆の意味になっており危なかった。,3
VRの世界がリアルすぎて現実に戻った時に違和感を覚えた。,3
昔の投稿がバズり通知が止まらなくなり何事かと驚く。,3
顔認証が寝起きだと反応せず自分の顔の酷さに呆気にとられた。,3
ネットで知り合った人が実は近所に住んでいて世間は狭い。,3
ゲームのバグでキャラが空を飛び予期せぬ絶景に感動した。,3
誰もいないチャットルームに誰かが入室してきてログを確認した。,3
誤爆して上司にスタンプを送ってしまい冷や汗が止まらない。,3
オンライン飲み会で背景が外れて部屋の散らかりがバレて焦る。,3
充電残量1%でギリギリ決済が完了し奇跡的なタイミングだった。,3
古いHDDからビットコインが出てきて現在の価値に腰を抜かす。,3
SNSのアカウント名が被り自分と瓜二つの人間を見つけ驚く。,3
配信に自分のコメントが拾われ名前を呼ばれて心臓が跳ねた。,3
自動運転の車が勝手に目的地を変更しサプライズかと思った。,3
電子書籍のページをめくったら急にホラー画像が出て叫んだ。,3
絶対音感だと思っていたがただの耳鳴りだったと知り拍子抜けだ。,3
長い冬が終わり心に一輪の花が咲いたような心地だ。,0
推しが尊すぎて語彙力が消失し拝むことしかできない。,0
暗闇に差し込んだ光が道標となり希望が見えてきた。,0
テストが余裕すぎて逆に怖いけど満点確実で草生える。,0
乾いた大地に慈雨が染み込むように優しさが心を満たす。,0
ガチャで神引きしてしまい今年の運を使い果たした件。,0
静寂な湖面のような穏やかな気持ちで一日を終えられそうだ。,0
新作のゲームが神ゲーすぎて睡眠時間を削って没頭中だ。,0
積み重ねた日々が結晶となり光り輝く瞬間を迎えた。,0
お気に入りの服が安く買えて、テンションが爆上げで優勝だ。,0
雲の切れ間から注ぐ陽光が未来を祝福しているようだ。,0
焼肉の食べ放題で元を取った自信があり大満足だ。,0
古びたピアノの音色が記憶の扉を優しく叩き懐かしい。,0
美容院で髪質改善したらトゥルトゥルになって感動した。,0
風が運んできた季節の香りに心が洗われる思いだ。,0
臨時収入が入ったので欲しかったアレをポチってしまった。,0
努力という種がようやく芽吹き大輪の花を咲かせそうだ。,0
猫が布団に入ってきて尊すぎて動けず遅刻確定だ。,0
黄金色に輝く稲穂を見て実りの秋の豊かさを感じる。,0
フォロワーが急増して通知が鳴り止まず有名人気分だ。,0
凍てついた心が解け温かい血液が巡り始めた気がする。,0
残業なしで定時退社キメて飲むビールは悪魔的だ。,0
星々が語りかけてくるような静謐な夜に癒やされている。,0
部屋の掃除をしたら失くした指輪が出てきて超ラッキー。,0
朝露に濡れた紫陽花が美しく生命の輝きに息を呑む。,0
心に土足で踏み込まれたような無神経さに反吐が出る。,1
マジで話が通じなくて宇宙人と会話してる気分だ。,1
静かな水面を乱す石のように平穏な日常を壊され憤る。,1
煽り運転されてガチで危険を感じたので通報案件だ。,1
信頼というグラスが砕け散り二度と元には戻らない。,1
店員の態度が塩対応すぎて流石にクレームを入れたい。,1
耳障りな不協和音のようにその言葉が神経を逆撫でする。,1
Wi-Fiがゴミすぎてゲームにならず回線弱者は辛い。,1
焼け付くような怒りが腹の底から湧き上がり抑えきれない。,1
ネタバレ踏んでしまい楽しみを奪われて殺意すら覚える。,1
正論という名の暴力で逃げ場を塞がれ息が詰まる。,1
約束ブッチされて連絡もなしとか人として終わってる。,1
泥を塗られたような屈辱感に全身が震えて止まらない。,1
課金したのに爆死して運営の確率操作を疑わずにはいられない。,1
平穏な眠りを妨げる騒音に殺伐とした殺意を抱く。,1
マウント取ってくる奴がウザすぎてミュート推奨だ。,1
大切な庭を荒らされたようで領域を侵され許せない。,1
既読スルーからのSNS更新とかマジで意味不明なんだけど。,1
錆びついたナイフで心を抉られるような悪意を感じる。,1
タメ口で話しかけられて何様だと内心ブチ切れている。,1
積み上げた積み木を崩されたような徒労感に苛立つ。,1
自分だけハブられてるのが見え見えで性格悪すぎだ。,1
熱せられた鉄のように頭に血が上り冷静ではいられない。,1
転売ヤーに買い占められて在庫切れとか世も末だ。,1
謝罪の言葉が空虚に響き誠意の欠片も感じられない。,1
世界から色彩が失われたように全てが灰色に見える。,2
推しの卒業が無理すぎて明日から会社休みたい。,2
深い海の底に沈んでいくように重苦しい憂鬱に包まれる。,2
財布落としただけなのに人生詰んだような絶望感だ。,2
秋風が吹き抜ける空洞のように心にぽっかり穴が空いた。,2
メンタル豆腐すぎてちょっと注意されただけで凹む。,2
硝子細工のように脆い自信が粉々に砕け散ってしまった。,2
楽しみにしていたライブが中止になり生きる気力が湧かない。,2
冷たい雨が心の中まで降り注ぎ止む気配がない。,2
深夜に黒歴史を思い出して枕に顔を埋めて叫びたい。,2
砂上の楼閣が崩れるように築き上げた関係が消滅した。,2
ガチャ爆死して石も金も尽きて虚無感しかない。,2
夕闇に溶けていく影のように私の存在も消えてしまいそうだ。,2
信じていたのに裏切られ人間不信になりそうで草も生えない。,2
枯れ落ちる葉に自らを重ねて無常さを噛み締めている。,2
スマホの画面割れて修理代高すぎてもう泣きたい。,2
出口のない迷宮を彷徨うように答えが見つからず苦しい。,2
誰もいいねしてくれなくて承認欲求が満たされず病む。,2
澱んだ水のように感情が滞り涙さえ流れてこない。,2
ダイエット中なのにケーキ食べてしまい意思弱すぎて萎える。,2
断ち切られた糸のようにプツリと気力が途絶えた。,2
リア充の投稿を見て自分と比較してしまい勝手に傷つく。,2
宛先のない手紙を抱えているような行き場のない想いだ。,2
連休最終日のサザエさん症候群で憂鬱がマッハだ。,2
誰もいない部屋の静寂が孤独をより一層際立たせる。,2
青天の霹靂とはこのことで予期せぬ事態に呆然とする。,3
まさかのサプライズで脳の処理が追いつかずフリーズした。,3
日常の裂け目から異界を覗いたような戦慄を覚えた。,3
VRの没入感がヤバすぎて現実に戻れなくなりそうで怖い。,3
鏡に映る自分が他人に見える瞬間がありゾッとした。,3
コミュ障なのに突然スピーチ指名されて心臓止まるかと思った。,3
天地が逆転したような衝撃的な事実に言葉を失う。,3
寝坊したと思ったらまだ夜中で二度寝できる幸せに驚く。,3
時間が止まったかのような静寂の中で鼓動だけが響く。,3
ノリで応募したら当選しちゃってマジでビビってる。,3
狐につままれたようで何が起きたのか理解が追いつかない。,3
知らん番号から電話来て出たら間違い電話で焦った。,3
記憶の蓋が外れ忘れていた光景が鮮明に蘇り驚いた。,3
Siriが独り言に完璧なツッコミを入れてきて戦慄した。,3
あり得ない確率の偶然が重なり運命の悪戯を感じる。,3
電子レンジの中で卵が爆発して掃除がダルすぎて絶望。,3
予期せぬ訪問者に心臓が跳ね上がり息が止まりそうだ。,3
絶対に無理ゲーだと思ったボスをノーダメで倒せて震える。,3
視界の隅を横切る影があり誰もいないはずなのに怖い。,3
買ったばかりのアイスが当たりでこんな所で運を使いたくない。,3
常識という壁が崩れ去り新しい世界が開けた気がする。,3
隣の人が全く同じ動画を見ていてシンクロ率に引いた。,3
雷に打たれたような衝撃が走り価値観が一変した。,3
お釣りが全部5円玉で返ってきて財布が重すぎて笑う。,3
まるで時間が巻き戻ったかのような既視感に襲われた。,3
早起きして吸う朝の空気が美味しくて生きてる実感が湧く。,0
推しの新規イラストが神すぎてスマホの壁紙に即設定した。,0
長年使った財布を新調し心機一転で晴れやかな気分だ。,0
迷っていた決断を後押しされ目の前の霧が晴れたようだ。,0
愛犬がお手を覚えた瞬間を目撃して家族全員で拍手した。,0
コンビニくじで当たりが出て小さな幸運にニヤけてしまう。,0
厳しい練習を乗り越えて掴んだ勝利の味は格別だ。,0
お気に入りの香水をつけたら一日中良い気分で過ごせた。,0
苦手な上司が休みなだけで職場が天国のように快適だ。,0
撮った写真が奇跡的な構図でプロ並みの出来栄えで満足だ。,0
深夜のラーメンという背徳感がスパイスとなり最高に美味い。,0
読みたかった本の発売日が決まり生きる希望が湧いてきた。,0
部屋の掃除をしたら懐かしい手紙が出てきて心が温まる。,0
難しい曲をピアノで弾けるようになり達成感に浸っている。,0
桜並木を歩いていたら花びらが肩に乗り春の訪れを感じる。,0
欲しかったフィギュアが定価で買えて転売屋に勝った気分だ。,0
健康診断の結果がオールＡで健康オタクの努力が報われた。,0
古い友人と朝まで語り合い学生時代に戻ったようで楽しい。,0
手作りクッキーがお店レベルに美味しく焼けて自画自賛だ。,0
満員電車で席を譲ったら笑顔で感謝され心が洗われた。,0
週末の旅行の計画を立てている時間が一番ワクワクする。,0
雨上がりの空に二重の虹がかかっていて良い予感がする。,0
プレゼンが大成功しチームのみんなとハイタッチして祝った。,0
ずっと探していた廃盤の香水を見つけ震える手で購入した。,0
猫が膝の上でゴロゴロ喉を鳴らしていて動けない幸せだ。,0
満員電車でリュックを背負ったままの人がいて邪魔で仕方ない。,1
楽しみにしていたドラマの結末が最悪で脚本家を恨みたい。,1
新品の靴を踏まれたのに謝りもせず去っていき腹が立つ。,1
大事な話の最中にスマホをいじりだす神経が理解できない。,1
ネット回線が遅すぎて動画が止まりイライラが限界突破だ。,1
頼んでいない料理が来て指摘したら逆ギレされて不快だ。,1
SNSで根拠のないデマを拡散されて名誉毀損で訴えたい。,1
行列に並んでいたのに割り込み乗車されて殺意が湧いた。,1
自分のミスを他人のせいにして逃げる卑怯な態度に呆れる。,1
貸したゲームソフトを勝手に売られて絶交を言い渡した。,1
騒音トラブルで管理会社に電話したが対応が悪く憤る。,1
予約していたホテルがダブルブッキングで泊まれず最悪だ。,1
店員の私語がうるさくて食事が不味くなり早々に店を出た。,1
推しのライブチケットが高額転売されていて通報した。,1
仕事の成果を上司に横取りされモチベーションが消滅した。,1
傘を盗まれて雨の中濡れて帰ることになり惨めさと怒りだ。,1
マナーモードにしない人の着信音が響き渡り気が散る。,1
ダイエット中なのに揚げ物を勧めてくるデリカシーのなさ。,1
重要なデータを保存し忘れてＰＣが落ち全消去に叫んだ。,1
陰口を言われているのを知ってしまい腸が煮え繰り返る。,1
約束の時間になっても来ないし連絡もつかず舐められている。,1
セルフレジの反応が悪くて何度もエラーになり叩きたい。,1
楽しみしていたプリンを家族に食べられ喧嘩になった。,1
歩きタバコの煙が顔にかかり殺人的な怒りを覚えた。,1
詐欺メールが大量に届いて大事なメールが埋もれ迷惑だ。,1
買ったばかりの服にコーヒーをこぼしてしまい泣きそうだ。,2
誰からも必要とされていない気がして夜の闇に溶けたい。,2
楽しみにしていた旅行が台風で中止になり無気力だ。,2
信じていた人に裏切られ人間不信の闇が深まっていく。,2
ペットが亡くなり家の中が火が消えたように静かで寂しい。,2
ずっと片思いしていた人に恋人ができて胸が張り裂けそうだ。,2
努力が報われず自分には才能がないのだと痛感している。,2
お気に入りのマグカップを割ってしまい形あるものは壊れる。,2
同窓会で周りが成功しているのを見て劣等感に苛まれる。,2
大切な記念日を忘れられていて私への関心がないと感じる。,2
雨続きで気分が晴れず部屋の隅で膝を抱えている。,2
期待していた映画がつまらなくて時間とお金を無駄にした。,2
ＳＮＳのフォロワーが減っていて自分の発言を後悔する。,2
給料日前でお金がなく遊びの誘いを断るのが惨めだ。,2
育てていた植物が枯れてしまい自分の不甲斐なさを責める。,2
深夜に一人でいると将来の不安が押し寄せて眠れない。,2
好きなアーティストが引退し青春が終わったような喪失感。,2
書きかけの小説データが消えてしまい心が折れる音がした。,2
誰にも相談できず孤独という檻に閉じ込められている。,2
鏡に映る疲れた顔を見て老けたなと溜息をついてしまう。,2
連休が終わるのが嫌すぎて明日が来なければいいのに。,2
思い出の場所が更地になっていて過去が消されたようだ。,2
親友と喧嘩してしまい謝るタイミングを逃して辛い。,2
期待していたボーナスがカットされ生活設計が崩れ絶望だ。,2
風邪を引いて一人寝込む夜は寂しさが身に沁みる。,2
道端で拾った石が実は隕石だったらしく鑑定結果に驚く。,3
誰もいない部屋から話し声が聞こえて背筋が凍りついた。,3
晴天なのに突然の大雨で狐の嫁入りかと空を見上げた。,3
卵を割ったら双子の黄身が出てきて小さな奇跡に驚いた。,3
死んだと思っていた知人と街ですれ違い幽霊かと思った。,3
スマホの充電が一瞬でゼロになり故障かと焦って振った。,3
テレビに映った犯人が自分にそっくりで家族全員が引いた。,3
絶対に不可能だと思ったパズルが偶然ハマり声を上げた。,3
猫が人間の言葉を喋ったように聞こえて耳を疑っている。,3
注文していないピザが届き宛先を見たら隣の家だった。,3
財布に身に覚えのない大金が入っていて記憶喪失を疑う。,3
静かな図書館で突然お腹が鳴り響き恥ずかしさで死にそう。,3
ゲームのバグでキャラが巨大化し画面が見えず爆笑した。,3
幼馴染がいつの間にか社長になっていて別世界の人だ。,3
夜空に謎の発光体が現れＵＦＯではないかと騒然とした。,3
買ったばかりの炭酸水が噴き出して服がびしょ濡れだ。,3
ＡＩが描いた絵が写真と見分けがつかず技術に戦慄する。,3
目覚まし時計が鳴らず遅刻確定かと思ったら祝日だった。,3
自動ドアが開かず激突してしまい周囲の視線が痛かった。,3
辛くないと言われたカレーが激辛で口から火が出そうだ。,3
真冬にひまわりが咲いているのを見つけ狂い咲きに驚く。,3
エレベーターが開いたら芸能人がいて思考が停止した。,3
体重計が壊れたのか一日で５キロ減っていて逆に怖い。,3
全く勉強していないのにテストで満点を取れてしまった。,3
古いコートのポケットから一万円札が出てきて驚喜した。,3
帰り道の足取りが羽が生えたように軽く自然とスキップが出る。,0
鏡に映る自分の顔が緩みっぱなしでマッサージが必要なくらいだ。,0
空の青さがいつもより深く見え吸い込まれそうな心地よさだ。,0
淹れたてのコーヒーの香りが鼻腔をくすぐり世界が色付いていく。,0
強張っていた肩の力が抜け体中に温かい血が巡り始めた。,0
灰色の街並みが急に鮮やかに見え始め、雨音さえ音楽に聞こえる。,0
握りしめたスマホの画面を見つめながらガッツポーズが漏れた。,0
口角が勝手に上がってしまいマスクの下でニヤけを隠している。,0
長年背負っていた重い荷物をようやく降ろせたような浮遊感だ。,0
何を食べても美味しく感じられ箸が止まらなくなってしまった。,0
冷たい風さえ心地よく頬を撫でていくようで季節を愛おしく思う。,0
難解なパズルのピースが全て埋まり一枚の美しい絵が現れた。,0
静かな部屋に私の鼻歌だけが響き渡りリズムを刻んでいる。,0
凍てついた大地に春の日差しが降り注ぎ花が咲く幻影を見た。,0
胸の奥に小さな灯火がともりそれが徐々に全身を温めていく。,0
未来への視界がクリアになり進むべき道が光って見える。,0
乾杯のグラスが触れ合う音がこれほど美しく響く夜はない。,0
積み上げてきた石垣が城となり、完成した姿を誇らしく見上げる。,0
全身の細胞が活性化し指先まで力が漲ってくるのを感じる。,0
古いレコードの針が溝を滑り、懐かしく優しい音色が部屋を満たす。,0
甘いケーキが舌の上で溶け一日の疲れも共に溶かしてくれた。,0
誰かに優しくしたくなり道端の花にさえ声をかけたい気分だ。,0
深呼吸をすると新鮮な酸素が脳を駆け巡り視界が開けた。,0
努力の果実が熟して手の中に落ちてきた重みを噛み締めている。,0
今日は重力さえ弱まったかのように体がふわふわとしている。,0
握りしめた拳に爪が食い込み滲んだ血の熱さにも気づかない。,1
こめかみの血管が脈打ち全身の血が沸騰する音が聞こえる。,1
奥歯を噛み締めすぎて顎が痛むがこの言葉だけは飲み込んだ。,1
静かな水面に石を投げ込まれたようで波紋が収まらない。,1
胃のあたりが鉛のように重く熱を持ち吐き気すら催している。,1
視界が赤く染まり理性のタガが外れる音が頭の中で響いた。,1
その言葉を聞いた瞬間、部屋の空気が凍りつき呼吸が止まった。,1
腹の底でどす黒いマグマが渦巻き噴火するのを必死に堪える。,1
耳障りなノイズが脳内を掻き回し思考回路を焼き切ろうとする。,1
冷ややかな沈黙が場を支配し視線だけで相手を射抜いた。,1
眉間に刻まれた皺が深くなり吐き出す息が荒くなっている。,1
心の中に土足で踏み込まれ大切な庭を荒らされた感覚だ。,1
あまりの理不尽さに言葉を失い震える手で机を叩きつけた。,1
笑顔を貼り付けているが目の奥は決して笑っていない。,1
体温が一気に上昇し冷静さを保つための堤防が決壊しそうだ。,1
投げつけられた言葉の礫が胸に刺さり血が流れる幻覚を見る。,1
錆びついたナイフで神経を逆撫でされるような不快感がある。,1
積み上げた積み木を横から蹴り倒されたような徒労感に襲われた。,1
口の中が苦く感じられ飲み込んだ言葉が毒のように回る。,1
その場を立ち去らなければ何をしでかすか自分でも分からない。,1
血管の中を流れるのが血ではなくガソリンになった気がする。,1
張り詰めた糸が限界を迎えプツリと切れる音が聞こえた。,1
平穏な午後を切り裂くサイレンのように神経に触る声だ。,1
握りつぶした紙コップが歪み中の液体が床にこぼれ落ちた。,1
燃え盛る炎を瞳に宿し相手の目を逸らさずに見据えている。,1
窓の外の景色がモノクロームに変わり雨音が遠くに聞こえる。,2
胸の真ん中にぽっかりと空いた穴から冷たい風が吹き抜ける。,2
重たい鉛を飲み込んだように体が沈み込み指一本動かせない。,2
鮮やかだった思い出の写真が色褪せて灰になっていくようだ。,2
深海に沈んでいくような圧迫感に息ができず溺れている。,2
喉の奥につかえた塊が取れず飲み込むことも吐くこともできない。,2
世界から音が消え自分だけが透明人間になったような静寂だ。,2
傘もささずに雨の中を歩き冷たさが涙と混じり合っている。,2
大切にしていたガラス細工が粉々に砕け元には戻らない。,2
夕暮れの影が伸びるにつれ私の存在も闇に溶けて消えそうだ。,2
誰かの笑い声が遠くの星の出来事のように現実味がない。,2
乾いた砂を噛むような味気ない日々が続くことに疲れた。,2
糸が切れた操り人形のようにその場に崩れ落ちてしまった。,2
枕に顔を埋めて声を殺し夜が明けるのをただ待っている。,2
鏡に映る瞳から光が消えそこにいるのは抜け殻のようだ。,2
心臓を冷たい手で鷲掴みにされたような鈍い痛みが走る。,2
出口のない迷路を彷徨い歩き足が棒のように重くなっている。,2
賑やかな街の明かりさえ今の私には眩しすぎて目を伏せる。,2
砂時計の砂が落ちきりもう二度と戻らない時間を想う。,2
溜息をつくたびに魂が少しずつ削れていくような感覚だ。,2
冷めたスープをスプーンで回し食欲のない胃袋に流し込む。,2
宛先のない手紙を懐に抱え行き場のない想いを持て余す。,2
閉じ込められた鳥籠の中で空を見上げることさえ忘れた。,2
薄暗い部屋の隅で膝を抱え外界との接触を拒絶している。,2
終わりのない冬が到来し春の訪れを信じることができない。,2
瞬きをするのも忘れてその光景を呆然と見つめ続けていた。,3
心臓が早鐘を打ち口から飛び出しそうなほど脈打っている。,3
時が止まったかのような静寂の中で自分の呼吸音だけが響く。,3
重力がおかしくなったのか地面が揺らいで足元がおぼつかない。,3
目を見開きすぎて眼球が乾くのも忘れて凝視してしまった。,3
持っていたグラスが手から滑り落ち床で砕ける音で我に返る。,3
予想もしなかった展開に脳の処理が追いつかずフリーズした。,3
背中に冷たいものが走り鳥肌が立つのを止められない。,3
口を半開きにしたまま言葉が出ずただパクパクとしている。,3
あり得ない光景に我が目を疑い何度も強く擦ってみた。,3
静寂を切り裂くような音に肩が大きく跳ね上がり硬直した。,3
頭の中が真っ白になり思考回路がショートして火花を散らす。,3
まるで狐につままれたようで何が起きたのか理解できない。,3
心臓を一瞬鷲掴みにされたような衝撃が走り息を呑んだ。,3
足元の地面が突然消え失せたような浮遊感と恐怖を感じる。,3
青天の霹靂とはこのことで開いた口が塞がらない状態だ。,3
鼓動が耳の奥でガンガンと響き冷や汗が背中を伝う。,3
見慣れたはずの風景が異界のものに見え足がすくんだ。,3
鳩が豆鉄砲を食らったような顔で相手を見つめ返している。,3
血管の中を電気が走ったような痺れが全身を駆け巡った。,3
魔法を見せられたかのように現実感を喪失し立ち尽くす。,3
文字通り腰を抜かし、その場にへたり込んで動けなくなった。,3
予期せぬ方向からボールが飛んできたようで反応できなかった。,3
世界が反転したようなめまいに襲われ手すりにしがみつく。,3
鏡の中の自分が別人に見えるほどの衝撃的な事実を知った。,3
寝耳に水の話を聞かされ返す言葉が見つからず沈黙した。,3